CREATE TABLE ADVENTURE_TRIP (
    TRIP_ID INTEGER PRIMARY KEY,
    TRIP_NAME VARCHAR(50),
    START_LOCATION VARCHAR(50),
    STATE VARCHAR(2),
    DISTANCE NUMBER,
    MAX_GRP_SIZE NUMBER,
    TYPE VARCHAR(50),
    SEASON VARCHAR(20)
);

PRAGMA table_info(ADVENTURE_TRIP);

INSERT INTO ADVENTURE_TRIP (TRIP_ID, TRIP_NAME, START_LOCATION, STATE, DISTANCE, MAX_GRP_SIZE, TYPE, SEASON)
VALUES (45, 'Jay Peak', 'Jay', 'VT', 8, 8, 'Hiking', 'Summer');

SELECT * FROM ADVENTURE_TRIP;

DROP TABLE ADVENTURE_TRIP;

CREATE TABLE GUIDE (
    GUIDE_NUM INTEGER PRIMARY KEY,
    LAST_NAME VARCHAR(15),
    FIRST_NAME VARCHAR(15),
    ADDRESS VARCHAR(15),
    CITY VARCHAR(15),
    STATE VARCHAR(2),
    POSTAL_CODE VARCHAR(5),
    PHONE_NUM VARCHAR(12),
    HIRE_DATE DATE
);

CREATE TABLE TRIP (
    TRIP_ID INTEGER PRIMARY KEY,
    TRIP_NAME VARCHAR(75),
    START_LOCATION VARCHAR(50),
    STATE VARCHAR(2),
    DISTANCE INTEGER,
    MAX_GRP_SIZE INTEGER,
    TYPE VARCHAR(15),
    SEASON VARCHAR(15)
);

CREATE TABLE CUSTOMER (
    CUSTOMER_NUM INTEGER PRIMARY KEY,
    LAST_NAME VARCHAR(15),
    FIRST_NAME VARCHAR(15),
    ADDRESS VARCHAR(15),
    CITY VARCHAR(15),
    STATE VARCHAR(2),
    POSTAL_CODE VARCHAR(5),
    PHONE_NUM VARCHAR(12)
);

CREATE TABLE RESERVATION (
    RESERVATION_ID INTEGER PRIMARY KEY,
    TRIP_ID INTEGER,
    TRIP_DATE DATE,
    NUM_PERSONS INTEGER,
    TRIP_PRICE DECIMAL(6,2),
    OTHER_FEES DECIMAL(6,2),
    CUSTOMER_NUM INTEGER,
    FOREIGN KEY (TRIP_ID) REFERENCES TRIP(TRIP_ID),
    FOREIGN KEY (CUSTOMER_NUM) REFERENCES CUSTOMER(CUSTOMER_NUM)
);

CREATE TABLE TRIP_GUIDES (
    TRIP_ID INTEGER,
    GUIDE_NUM INTEGER,
    PRIMARY KEY (TRIP_ID, GUIDE_NUM),
    FOREIGN KEY (TRIP_ID) REFERENCES TRIP(TRIP_ID),
    FOREIGN KEY (GUIDE_NUM) REFERENCES GUIDE(GUIDE_NUM)
);

INSERT INTO GUIDE VALUES (1, 'Boyers', 'Rita', '325 Tawas', 'Boyton', 'MA', '02537', '508-555-7563', '2018-05-10');
INSERT INTO GUIDE VALUES (2, 'Devon', 'Harley', '35 Shenandoah', 'Harrisonburg', 'VA', '22801', '540-555-4500', '2019-06-15');
INSERT INTO GUIDE VALUES (3, 'Kiley', 'Susan', '12 Samoset', 'Centerville', 'MA', '02639', '508-555-0079', '2020-03-19');
INSERT INTO GUIDE VALUES (4, 'Marston', 'Glenn', '845 Belt', 'Owings Mills', 'MD', '21117', '410-555-8590', '2018-08-22');

INSERT INTO TRIP VALUES (1, 'Arethusa Falls', 'Jackson', 'NH', 5, 10, 'Hiking', 'Summer');
INSERT INTO TRIP VALUES (2, 'Mount Monadnock', 'Jaffrey', 'NH', 9, 15, 'Hiking', 'Early Fall');
INSERT INTO TRIP VALUES (3, 'Monponsett Pond', 'Halifax', 'MA', 8, 8, 'Paddling', 'Summer');
INSERT INTO TRIP VALUES (4, 'Napatree Point', 'Watch Hill', 'RI', 7, 7, 'Hiking', 'Spring');

INSERT INTO CUSTOMER VALUES (101, 'Northfold', 'Melissa', '16 Maple', 'Haver Hill', 'MA', '01830', '781-555-4948');
INSERT INTO CUSTOMER VALUES (102, 'Ocean', 'Cynthia', '32 Tristan', 'Springdale', 'CT', '06907', '203-555-7761');
INSERT INTO CUSTOMER VALUES (103, 'Kiley', 'Kathleen', '7 Peach Tree', 'Seekonk', 'MA', '02771', '508-555-6057');
INSERT INTO CUSTOMER VALUES (104, 'Kelly', 'Brian', '2672 King', 'Westwood', 'MA', '02090', '781-555-2111');

INSERT INTO RESERVATION VALUES (1, 1, '2021-07-23', 5, 80.00, 0.00, 101);
INSERT INTO RESERVATION VALUES (2, 2, '2021-09-14', 2, 110.00, 0.00, 102);
INSERT INTO RESERVATION VALUES (3, 1, '2021-07-30', 8, 160.00, 0.00, 103);
INSERT INTO RESERVATION VALUES (4, 4, '2021-05-12', 4, 100.00, 15.00, 104);

INSERT INTO TRIP_GUIDES VALUES (1, 1);
INSERT INTO TRIP_GUIDES VALUES (1, 3);
INSERT INTO TRIP_GUIDES VALUES (2, 2);
INSERT INTO TRIP_GUIDES VALUES (3, 1);
INSERT INTO TRIP_GUIDES VALUES (4, 4);

PRAGMA table_info(GUIDE);
PRAGMA table_info(TRIP);
PRAGMA table_info(CUSTOMER);
PRAGMA table_info(RESERVATION);
PRAGMA table_info(TRIP_GUIDES);

SELECT * FROM GUIDE;
SELECT * FROM TRIP;
SELECT * FROM CUSTOMER;
SELECT * FROM RESERVATION;
SELECT * FROM TRIP_GUIDES;
